{
  "train_loss": [
    2.324675583127719,
    1.987444407904326,
    1.7333440691677493,
    1.5471409327948271,
    1.4221725677376362,
    1.3268668046638148,
    1.2601129083491083,
    1.1943725507650802,
    1.143308748060198,
    1.0581497051822606,
    1.0223474342431595,
    0.9993171033574574,
    0.9161534024708307
  ],
  "val_loss": [
    2.090244523684184,
    1.8069871425628663,
    1.6064181963602702,
    1.47946195602417,
    1.3664978742599487,
    1.335253397623698,
    1.256744917233785,
    1.2280567288398743,
    1.1964747111002605,
    1.1960903962453207,
    1.1643769939740498,
    1.1467217246691386,
    1.1388321399688721
  ],
  "val_acc": [
    0.466079295154185,
    0.5916299559471365,
    0.6136563876651983,
    0.6352422907488986,
    0.6268722466960353,
    0.6444933920704845,
    0.6638766519823788,
    0.670044052863436,
    0.6801762114537444,
    0.6947136563876652,
    0.6854625550660792,
    0.6819383259911894,
    0.6850220264317181
  ]
}